-- MySQL dump 10.13  Distrib 8.0.25, for Win64 (x86_64)
--
-- Host: localhost    Database: vk_data
-- ------------------------------------------------------
-- Server version	8.0.25

/*!40101 SET @OLD_CHARACTER_SET_CLIENT=@@CHARACTER_SET_CLIENT */;
/*!40101 SET @OLD_CHARACTER_SET_RESULTS=@@CHARACTER_SET_RESULTS */;
/*!40101 SET @OLD_COLLATION_CONNECTION=@@COLLATION_CONNECTION */;
/*!50503 SET NAMES utf8mb4 */;
/*!40103 SET @OLD_TIME_ZONE=@@TIME_ZONE */;
/*!40103 SET TIME_ZONE='+00:00' */;
/*!40014 SET @OLD_UNIQUE_CHECKS=@@UNIQUE_CHECKS, UNIQUE_CHECKS=0 */;
/*!40014 SET @OLD_FOREIGN_KEY_CHECKS=@@FOREIGN_KEY_CHECKS, FOREIGN_KEY_CHECKS=0 */;
/*!40101 SET @OLD_SQL_MODE=@@SQL_MODE, SQL_MODE='NO_AUTO_VALUE_ON_ZERO' */;
/*!40111 SET @OLD_SQL_NOTES=@@SQL_NOTES, SQL_NOTES=0 */;

--
-- Table structure for table `communities`
--

DROP TABLE IF EXISTS `communities`;
/*!40101 SET @saved_cs_client     = @@character_set_client */;
/*!50503 SET character_set_client = utf8mb4 */;
CREATE TABLE `communities` (
  `id` bigint unsigned NOT NULL AUTO_INCREMENT,
  `name` varchar(145) CHARACTER SET utf8mb4 COLLATE utf8mb4_unicode_ci NOT NULL,
  `description` varchar(245) CHARACTER SET utf8mb4 COLLATE utf8mb4_unicode_ci DEFAULT NULL,
  PRIMARY KEY (`id`),
  UNIQUE KEY `id` (`id`),
  KEY `communities_name_idx` (`name`)
) ENGINE=InnoDB AUTO_INCREMENT=101 DEFAULT CHARSET=utf8mb4 COLLATE=utf8mb4_unicode_ci;
/*!40101 SET character_set_client = @saved_cs_client */;

--
-- Dumping data for table `communities`
--

LOCK TABLES `communities` WRITE;
/*!40000 ALTER TABLE `communities` DISABLE KEYS */;
INSERT INTO `communities` VALUES (1,'ut','Necessitatibus dolorem aut et consequuntur dolores voluptatem est. Ipsum quo et non consequuntur exercitationem provident quos. Ex harum qui maxime eos. Officiis magni et atque minima dolor fugit delectus.'),(2,'sint','Mollitia sed veniam est et eligendi. Amet ut sunt et unde et distinctio. Ullam quae sunt maxime est.'),(3,'omnis','Rem est perferendis non itaque aliquam aut qui ea. Sed ipsa aut omnis explicabo et ad sunt. Dignissimos maiores est deleniti eum.'),(4,'aut','Ab aut ipsam omnis laudantium. Voluptas molestiae id temporibus possimus eligendi quam ut. Tempore qui in magni sunt iusto et error omnis. Qui vero ipsam quae neque est mollitia.'),(5,'tempora','Velit ducimus qui dolorem eaque qui. Adipisci nihil ut velit non accusantium. Ut quis enim assumenda maiores id rem nam. Laboriosam sit est est dolorem sapiente nisi consequatur.'),(6,'numquam','Corporis eius exercitationem facere sed commodi veniam eos placeat. Eos soluta temporibus et quo eveniet. Voluptatem adipisci autem doloremque reiciendis. Voluptatibus omnis vitae qui ea quia minima.'),(7,'facere','Ducimus et quo fugit voluptatum ipsum laudantium. Itaque quidem nesciunt et corporis omnis placeat. Quis aliquid veritatis nobis qui dolorem nesciunt aut inventore.'),(8,'quis','Aliquid aperiam ipsum libero quia nihil optio. Laboriosam voluptatem ab molestiae velit officiis recusandae necessitatibus. Delectus eos tempore ea veritatis.'),(9,'ab','Delectus quasi velit eligendi quas asperiores. Voluptas eligendi nihil placeat dolore odit nobis laudantium. Ad aut esse laboriosam quibusdam magni voluptate sed esse.'),(10,'sed','Sit aspernatur expedita voluptatem temporibus unde cumque. Quasi saepe est et quod officia fugiat quis. Nostrum quaerat nostrum non sint. Odio voluptate velit aut id quo provident voluptatem.'),(11,'voluptas','Blanditiis qui odit et voluptatem ipsam exercitationem. Autem facilis quisquam at molestias. Quas vel officia voluptatem omnis.'),(12,'consequatur','Reiciendis minima et voluptas nesciunt aliquam. Illo vel qui sit dicta sed facere. Sed quia itaque ullam maiores quas similique. Similique molestiae eos est itaque a.'),(13,'id','Dolorem magnam reprehenderit in ut et est. Sunt error a velit praesentium quia. Possimus qui voluptas illo exercitationem aspernatur.'),(14,'aut','Quis facilis dolores iure. Quam nihil debitis consequuntur minima. Ut reiciendis laudantium incidunt id aliquam in. Ut atque enim minus recusandae incidunt ad ducimus.'),(15,'ullam','Dolorem beatae neque culpa et. Dolore dignissimos sunt et doloremque quos eveniet. Enim aliquam nam facilis porro ut consequatur. Adipisci labore veniam natus eum sed vel. Quia voluptatum quos minus adipisci.'),(16,'vel','Porro dolore et provident vel minima dolor. Voluptas voluptatem facere atque quia sit eum perspiciatis et.'),(17,'quae','Suscipit sint aliquid adipisci soluta. In accusamus libero voluptas et non. Tenetur quo repellat suscipit tempora aut.'),(18,'sint','Qui quia unde non aspernatur ullam rerum reprehenderit. Sint labore cum tempora iste tempore.'),(19,'dicta','Consequatur ab tenetur rerum maxime. Totam qui est doloremque qui amet atque hic. Iste nihil et qui.'),(20,'laudantium','Maiores minima aperiam consequatur debitis quae repellendus. Soluta deleniti a a recusandae unde. Aspernatur molestiae ratione dolores facere consequatur dolor harum. Consequuntur qui et cupiditate assumenda accusamus aut. Quasi dolorum voluptat'),(21,'eligendi','Et non repellendus culpa cum. Est nam modi harum hic cumque cumque excepturi.'),(22,'aperiam','Id nihil voluptas aliquid ratione fugiat nulla. Et doloremque ab labore consequatur. Et dolore qui provident voluptas sed. Iure est sed qui ipsa ut. Necessitatibus porro animi ab molestiae qui.'),(23,'iusto','Nisi aut quia harum. Enim occaecati voluptates modi. Corporis in culpa natus.'),(24,'reiciendis','Id odit reprehenderit ipsam culpa quia. Sunt fugiat fugit pariatur sed dolorum voluptatem. Molestiae nobis quia ipsum soluta qui delectus.'),(25,'maxime','Magni ut sint quo nemo reprehenderit. Quidem ducimus a consequuntur odio accusamus qui. Dolorem aut voluptas ipsa quia. Nesciunt voluptatem et tempora et id provident et accusantium.'),(26,'inventore','Ut molestiae non veniam. Qui rerum ea reprehenderit asperiores. Ut sed ullam totam sint inventore nam. Eum voluptatem atque maiores numquam sequi et non consequatur. Quis ut aspernatur ullam natus velit soluta dolorem architecto.'),(27,'velit','Quis inventore quia voluptatem dolorem. Ut deserunt et itaque sed voluptatem numquam. Aut dolore rerum et repudiandae suscipit. Molestiae et soluta eius a. Qui aliquid mollitia laborum et iure quasi sunt.'),(28,'itaque','Similique sed soluta doloribus dolores adipisci sequi. Est ullam soluta quos magni. Dolorem sunt neque voluptates porro maxime dolorem. Aut sit voluptas totam dignissimos aliquam.'),(29,'consequuntur','Quis expedita ad illo. Modi debitis provident explicabo ipsa et ut adipisci. Cumque et deleniti consequatur tempora. Sed molestias nostrum facere itaque est.'),(30,'quibusdam','Tempora quia quibusdam sit ipsum tenetur est nihil. Alias odio maxime consequuntur quis perferendis officia iure. Molestias ea molestiae magnam ducimus ut dolores voluptas. Aspernatur et debitis alias quae.'),(31,'fuga','Veritatis aspernatur molestiae saepe excepturi deserunt non. Iusto et quo aspernatur eligendi numquam. Suscipit minus accusantium eos dolorem.'),(32,'eaque','Magnam qui non est explicabo. Ducimus vel provident vel ipsam. A sint voluptas reprehenderit consequuntur. Iure qui odit voluptatum tenetur eveniet vero culpa. Odit qui ut ipsum a rerum sunt velit.'),(33,'impedit','Quo rem sint qui quis impedit voluptatem. Quia consequuntur facilis voluptas reiciendis placeat necessitatibus ipsa. Eum ex odio modi sed nesciunt. Molestiae quasi quisquam quia quaerat hic magnam.'),(34,'aperiam','Voluptas deserunt et dolor ea est pariatur et. Hic repellat et ipsa corporis consequatur non occaecati. Et vel perferendis possimus rem unde magni.'),(35,'odio','Sunt sunt laudantium sed qui reprehenderit eum. Laudantium nihil id aspernatur quae quibusdam. Ipsa qui accusamus non ut veniam. Excepturi molestiae iusto eum non ipsam consequatur impedit.'),(36,'porro','Et non rerum ut hic ut. Officia et voluptatem est omnis dolorum. Laudantium ipsam modi quia dolorum quia numquam aut.'),(37,'at','Nam aut iusto officia quidem. Occaecati voluptate dolore repellat accusantium cupiditate architecto est. Est sunt doloribus magnam consequatur et dolorem laudantium.'),(38,'dolores','Quod maxime ea omnis consequuntur dignissimos veritatis. Quis possimus dolorum totam non. Quos repudiandae expedita beatae sit corrupti. Odio enim quas totam minus temporibus enim dolor.'),(39,'quae','Nostrum molestiae fugiat tempora quis est. Non sunt sint explicabo autem. Reiciendis et reprehenderit sit hic alias. Magni et qui est ea.'),(40,'illum','Enim quod blanditiis repellendus dolore et voluptas. Maiores odio et rem corporis tenetur ipsum. Id quo mollitia sint quos repellendus neque.'),(41,'tempore','Nam magnam sunt architecto magni et. Nostrum in ea et ipsa voluptates expedita. Est explicabo et alias. Ut dicta blanditiis autem a quos ad omnis.'),(42,'dolor','Dolor unde aspernatur fugit sit sit. Aspernatur velit debitis dolorum dolores. Eum omnis ab sint quo architecto magni nisi.'),(43,'quia','Excepturi autem voluptates deleniti nisi. Animi aperiam occaecati deleniti ducimus saepe maiores eius voluptatem. Voluptas doloribus ullam vel rem nisi natus velit.'),(44,'similique','Neque magnam natus rem recusandae in. Maiores aperiam earum sed doloribus ut est voluptates. Est facere temporibus molestiae nam veniam. Odit quasi quaerat accusamus in odio autem.'),(45,'itaque','Repudiandae odit hic quos autem ut iste ad similique. Ratione sed odit et nihil quisquam sint esse ut. Consequatur et cum aut deleniti.'),(46,'voluptas','Nisi at eius et fugit quam facere quod. Dicta nihil enim laudantium est corrupti quo. Adipisci laudantium voluptatem aliquam.'),(47,'nihil','Magnam et nihil quod velit aliquid vel. Ut sed quo et consequatur. Eum earum reiciendis recusandae pariatur est in.'),(48,'eveniet','Nam ut ab voluptatem qui ut molestias. Nam nobis deleniti repellat eum. Aut et recusandae quibusdam dolorem vero doloremque rem nobis. Minus ad sapiente a est corporis aspernatur vel.'),(49,'voluptate','Perferendis quis accusantium error reiciendis sed ab autem. Itaque recusandae maiores cupiditate voluptatibus ut rerum. Doloribus reiciendis illum praesentium aut. Et a praesentium ratione architecto. Voluptates et autem sit.'),(50,'consequuntur','Sapiente labore pariatur ducimus iste et. Et voluptatum doloribus voluptatem eaque minima minus. Ut laudantium eveniet sunt minima voluptas.'),(51,'aliquam','Eveniet nihil et esse. Et corrupti facilis sint. Perferendis assumenda nihil cumque veritatis similique vitae voluptate quia. Beatae nemo fuga modi facere ut.'),(52,'est','Voluptatem cum quia labore harum qui enim. Ut tempora temporibus ipsum eum aut. Debitis nemo quia facere neque ut deleniti minus.'),(53,'officiis','Ut aut quod saepe doloribus magni aliquid. Mollitia molestiae adipisci molestiae nemo quia soluta. Et dolorum tempora labore voluptatem perspiciatis qui eum earum.'),(54,'voluptas','Magnam consequatur eius doloremque eveniet. Cupiditate vel magni nihil ut est sint quia. Reprehenderit voluptatum optio quisquam nesciunt fugit.'),(55,'iste','Totam occaecati fugiat nulla eaque impedit nihil. Libero officia voluptas eligendi porro quasi nisi voluptatem. Ea enim molestiae eaque aut et libero. Totam recusandae et voluptas omnis enim at est et.'),(56,'cum','Enim est rerum odio quasi tempore. Doloremque neque labore aut voluptas sed possimus eum velit. Esse qui perferendis consequatur neque qui nisi ex.'),(57,'quidem','Suscipit dolorum qui voluptatum esse eos. Debitis nisi non laboriosam autem. Et eius nostrum pariatur laboriosam distinctio qui qui.'),(58,'nemo','Aliquid et officiis quae ut. Illum itaque nihil accusamus accusamus. Esse in dignissimos quod et dignissimos ducimus earum.'),(59,'dolore','Quos maiores et ut assumenda qui quo. Reiciendis dolor accusantium quos itaque. Sequi non dolor ut qui ratione. Tempora quod cum quibusdam ipsum animi.'),(60,'aut','Modi magnam sed eum consectetur eius fugiat. Non totam autem sunt nisi rerum. Consequatur est labore voluptates.'),(61,'quo','Cupiditate magnam et laboriosam reprehenderit porro voluptas rerum excepturi. Qui corporis error ut pariatur tenetur. Qui occaecati perferendis fugit eligendi.'),(62,'sunt','Nemo totam qui quia. Nesciunt consequuntur est quaerat harum. Occaecati dolorem officia non eveniet sequi.'),(63,'assumenda','Consequatur tenetur rerum maxime voluptatem fugit. Voluptatem qui quia sed voluptatibus voluptas rem. Aut et ratione aliquam expedita. Quia asperiores aspernatur nemo magnam doloremque vel quo nisi.'),(64,'est','Perferendis animi unde non excepturi error. Optio inventore repellendus aut qui et qui. Dolorem repudiandae aut ipsum qui vel quam minima a. Deserunt consectetur atque laboriosam numquam explicabo.'),(65,'autem','Quia tempora porro modi eum sit commodi. Et a voluptas ut et. Qui assumenda temporibus non ut. Omnis molestiae pariatur consectetur architecto est ut.'),(66,'velit','Dolor sed omnis possimus temporibus ipsa. Sed doloribus dolorem quae dolor officiis sit.'),(67,'non','Est odit aut nisi nihil reiciendis est necessitatibus. Consectetur ab consequatur dolor amet. Delectus maxime voluptates incidunt. Unde dolor est quae laboriosam unde consequuntur.'),(68,'qui','Dolorem suscipit labore facere in magnam reprehenderit quo. Quia ut sit rerum. Eum dolorum voluptas qui ipsam autem ducimus. Voluptatibus omnis quia modi excepturi repudiandae.'),(69,'atque','Reiciendis non recusandae et quia labore doloremque consequuntur. Cumque in dolorem nesciunt rerum iusto. Quia molestiae doloremque voluptatem sapiente. Impedit nobis distinctio consequuntur quis qui facilis.'),(70,'asperiores','Voluptatum quis delectus autem. Repellendus veritatis ab quae amet tempora. Dolore non iure perferendis asperiores.'),(71,'deleniti','Ipsa ut voluptas maxime sit ab officia dolores sit. Nobis et officia qui dignissimos ducimus id. Saepe aut similique occaecati ut rerum pariatur. Est suscipit ipsam facilis sed.'),(72,'fugit','Sed tempora natus in fugiat. Dolore maxime omnis odit hic. Ut aspernatur molestiae ut ut et.'),(73,'facere','Ea exercitationem eveniet magnam qui non quo dolores. Eveniet velit omnis dolorem consequuntur et dolorem quas. Ad ducimus qui quia iure sed sapiente. Autem incidunt beatae natus nisi deserunt sint doloremque.'),(74,'culpa','Sunt amet voluptatum quod voluptatem. Quibusdam placeat quae sed et sit nesciunt voluptas itaque. Natus ad nostrum dolorem provident esse.'),(75,'perferendis','Omnis ut et excepturi expedita in nisi. Mollitia perspiciatis ut similique id rerum dicta dignissimos. Fugiat et voluptatum et voluptate neque eaque facilis. Saepe dolorem quia autem eius eius. Eos voluptatibus veniam voluptatem veniam animi lab'),(76,'ex','Dignissimos aliquid ea quo facilis quis. Quo error ut adipisci vel.'),(77,'quasi','Dolores minus dolorem exercitationem voluptas magni soluta in porro. Culpa omnis voluptatem accusamus magnam adipisci voluptas fuga. Sint consequatur ut accusamus sit culpa dicta voluptatem corporis.'),(78,'et','Alias labore et omnis vitae minima. Tenetur pariatur occaecati accusamus velit odio voluptatem. Laboriosam distinctio voluptas illum vero. Cumque harum magnam perferendis cumque asperiores.'),(79,'sint','Nihil qui eveniet repellat quidem amet sapiente. Iure perspiciatis blanditiis id iusto sit eius sequi.'),(80,'nobis','Voluptas et ipsum illum ab est vero. Vel sunt recusandae mollitia ut. Veritatis possimus possimus omnis repellendus eaque.'),(81,'tempore','Esse quas rem recusandae necessitatibus placeat sequi est. Et error quia accusamus inventore quis voluptas quaerat omnis. Eum rem delectus vitae.'),(82,'itaque','Quaerat modi reiciendis aut ipsum qui impedit veniam. Optio architecto iste amet eveniet similique et. In fugiat recusandae sint adipisci provident aut ea. Esse omnis non rerum.'),(83,'et','Labore autem minus vitae blanditiis deserunt ut pariatur. Nemo debitis nostrum dolore laudantium minus ut. Consequatur repellat praesentium harum odit id et. Tenetur omnis velit quisquam tempora dolorem consequatur. Distinctio sed sapiente aut t'),(84,'qui','Quis explicabo aspernatur dolores aliquid similique sint laboriosam qui. Dolorum omnis perferendis quis. Nostrum voluptatem et et eos. Dolores minus et labore cupiditate.'),(85,'vitae','Laudantium dolor consectetur non aut. Ullam consequuntur ut consectetur qui molestiae fuga id. Dolorem qui illo voluptatibus sunt et.'),(86,'ut','Veritatis quis odio a cumque maxime. Assumenda qui fuga animi ea sunt. Nobis facilis laborum eligendi qui porro sapiente.'),(87,'in','Repudiandae dolor consectetur est omnis dicta non dignissimos. Laudantium quam tempore nisi et quisquam aperiam. Eum voluptatem et magnam natus unde qui est et. Ducimus provident doloremque mollitia est veritatis.'),(88,'ea','Earum vero aliquam error eius nulla pariatur consectetur. Autem explicabo iste aut velit vel voluptatem.'),(89,'vero','Totam quis est eum debitis nam. Quaerat perferendis et dolorum nam et sed. Quos corporis molestiae amet neque ea at et.'),(90,'aspernatur','Neque delectus libero qui molestiae magnam assumenda. Repellat maiores iste quo. Beatae unde magni consectetur recusandae vitae. Enim optio sit minus labore.'),(91,'laboriosam','Accusantium ipsum nemo hic sunt. Adipisci commodi consequatur impedit et sint eum et. Libero repudiandae nostrum et quas omnis consequatur laudantium laboriosam. Aut ducimus vitae ipsa ut.'),(92,'voluptatibus','Magnam minus doloribus voluptatem quas a quasi asperiores. Eius provident quo architecto omnis. Est nihil quisquam velit et incidunt. Ut tenetur officia fugit reprehenderit fuga aut.'),(93,'minima','Qui magni eum animi quia rerum. Aut dolores aliquam unde ad provident veritatis unde.'),(94,'voluptatem','Ab nisi sit dolores hic qui et minus. Laboriosam aut eaque non. Ut porro dolor vel. Amet et ut et qui voluptatem.'),(95,'dolore','Placeat sit error quo. Sit quis est et voluptas. Nesciunt officiis ipsam consequuntur sit.'),(96,'qui','Vel sequi optio aut explicabo sed. Odit repudiandae ipsa doloremque totam consequatur vel repellat. Culpa magni consequatur labore aperiam. Molestiae inventore facilis quidem repudiandae est.'),(97,'ut','Qui reiciendis sit veritatis dignissimos veritatis. Modi iste adipisci et repellat. Perferendis cupiditate nulla odio quisquam assumenda. Sit quia sed similique.'),(98,'consequatur','Excepturi qui est reprehenderit iusto fugiat autem. Sunt recusandae provident explicabo molestias aut repudiandae autem.'),(99,'quos','Id alias veniam temporibus quam quis ipsam officiis. Veritatis explicabo provident cumque ut rerum incidunt cum. Animi vero cum placeat veniam iste natus labore. Voluptatem velit ea amet atque incidunt assumenda placeat.'),(100,'consequatur','Et voluptatibus voluptatibus fugiat quibusdam sed. Dolorum qui qui facere nobis.');
/*!40000 ALTER TABLE `communities` ENABLE KEYS */;
UNLOCK TABLES;

--
-- Table structure for table `communities_users`
--

DROP TABLE IF EXISTS `communities_users`;
/*!40101 SET @saved_cs_client     = @@character_set_client */;
/*!50503 SET character_set_client = utf8mb4 */;
CREATE TABLE `communities_users` (
  `community_id` bigint unsigned NOT NULL,
  `user_id` bigint unsigned NOT NULL,
  `created_at` datetime NOT NULL DEFAULT CURRENT_TIMESTAMP,
  PRIMARY KEY (`community_id`,`user_id`),
  KEY `communities_users_comm_idx` (`community_id`),
  KEY `communities_users_users_idx` (`user_id`),
  CONSTRAINT `communities_users_ibfk_1` FOREIGN KEY (`community_id`) REFERENCES `communities` (`id`),
  CONSTRAINT `communities_users_ibfk_2` FOREIGN KEY (`user_id`) REFERENCES `users` (`id`)
) ENGINE=InnoDB DEFAULT CHARSET=utf8mb4 COLLATE=utf8mb4_unicode_ci;
/*!40101 SET character_set_client = @saved_cs_client */;

--
-- Dumping data for table `communities_users`
--

LOCK TABLES `communities_users` WRITE;
/*!40000 ALTER TABLE `communities_users` DISABLE KEYS */;
INSERT INTO `communities_users` VALUES (1,97,'1986-01-19 23:06:33'),(2,73,'2014-03-21 09:58:52'),(2,90,'1988-03-10 21:43:18'),(3,24,'1988-03-22 10:07:02'),(4,79,'1995-11-07 05:44:13'),(7,47,'1999-10-24 00:49:08'),(9,7,'1988-07-01 02:30:31'),(9,98,'2009-11-29 09:56:03'),(10,6,'2004-07-23 19:56:37'),(10,14,'1977-02-27 00:44:42'),(10,98,'2011-06-20 03:48:15'),(11,75,'2012-04-03 12:28:18'),(11,81,'1970-05-07 15:01:08'),(12,5,'1994-07-14 13:38:00'),(12,45,'2003-02-18 00:54:00'),(15,44,'1998-01-24 01:23:00'),(16,4,'2002-04-25 03:25:03'),(17,22,'2007-02-13 12:14:54'),(17,96,'1972-01-25 00:22:42'),(17,99,'1983-06-09 04:10:54'),(19,62,'1975-05-29 19:56:58'),(24,61,'1982-07-28 18:21:12'),(25,35,'1980-03-17 13:13:39'),(25,82,'2004-05-24 04:01:37'),(27,39,'1996-10-14 22:41:22'),(27,48,'1996-02-14 16:36:42'),(28,18,'2020-11-24 07:42:44'),(28,67,'2002-12-29 20:49:12'),(29,7,'1998-06-27 06:48:44'),(29,45,'1975-01-13 15:48:09'),(30,69,'1994-02-23 18:53:41'),(31,19,'2017-09-17 13:19:03'),(32,27,'1981-04-06 14:20:08'),(32,33,'2008-01-06 19:22:05'),(32,85,'2009-07-31 10:46:09'),(33,21,'1982-02-18 12:57:12'),(33,44,'2014-07-24 02:10:45'),(37,37,'2008-03-17 07:38:05'),(38,45,'2005-12-13 23:33:08'),(39,58,'1999-06-21 00:04:36'),(39,97,'1973-09-01 04:02:45'),(40,60,'2021-02-02 09:15:23'),(41,96,'1982-10-04 00:16:33'),(42,61,'1977-01-20 12:00:44'),(42,69,'1975-12-19 02:05:57'),(43,31,'1982-08-16 07:06:37'),(43,44,'1993-11-08 22:28:36'),(44,18,'1982-11-21 23:27:02'),(45,26,'1987-03-05 01:30:39'),(48,18,'2019-07-10 13:22:29'),(48,19,'2005-10-13 00:13:01'),(48,47,'1977-11-24 13:20:46'),(48,58,'1984-04-19 09:06:56'),(48,71,'2004-10-05 05:53:14'),(51,25,'2001-08-30 15:56:41'),(51,36,'1983-11-17 06:50:28'),(54,31,'1970-06-10 17:00:31'),(54,52,'1994-04-19 12:00:34'),(54,77,'2015-08-24 05:35:18'),(56,34,'1994-12-18 18:10:27'),(57,1,'1998-09-05 08:41:50'),(58,36,'1979-11-14 16:39:18'),(60,43,'2010-01-01 23:14:23'),(61,27,'1990-04-23 03:39:48'),(62,22,'2016-06-27 13:34:26'),(62,87,'1984-06-15 09:56:23'),(67,29,'2009-05-06 08:06:07'),(68,18,'1982-04-21 04:29:38'),(68,39,'1980-09-14 03:51:53'),(68,96,'2010-04-20 19:10:33'),(70,39,'1985-11-24 00:23:59'),(70,50,'2016-07-17 15:24:04'),(71,23,'1986-04-24 02:02:03'),(71,35,'2020-04-14 06:08:21'),(71,85,'2006-12-13 14:11:45'),(72,72,'2000-10-03 06:11:25'),(73,30,'1998-03-29 04:56:56'),(75,98,'2015-07-22 03:34:20'),(78,46,'2012-04-30 03:08:23'),(78,62,'1994-02-09 06:19:13'),(78,78,'2002-11-19 16:02:57'),(78,88,'2003-10-12 19:43:19'),(80,42,'1994-09-09 10:38:14'),(82,54,'1976-06-02 23:03:35'),(83,23,'2010-08-23 09:56:18'),(83,91,'1992-11-05 14:47:40'),(85,33,'1981-05-30 09:36:37'),(85,96,'2016-11-09 19:21:08'),(86,40,'1987-05-16 03:35:44'),(87,8,'1992-01-09 18:13:39'),(89,26,'1989-05-24 03:42:33'),(89,65,'1981-09-21 15:11:30'),(91,72,'2013-05-22 01:26:38'),(92,80,'1970-11-09 05:10:10'),(92,84,'1992-07-18 08:21:32'),(94,82,'1992-07-09 11:35:00'),(96,19,'1982-02-01 05:09:33'),(98,20,'2009-10-31 05:35:54'),(99,31,'1989-11-25 02:22:44');
/*!40000 ALTER TABLE `communities_users` ENABLE KEYS */;
UNLOCK TABLES;

--
-- Table structure for table `friend_requests`
--

DROP TABLE IF EXISTS `friend_requests`;
/*!40101 SET @saved_cs_client     = @@character_set_client */;
/*!50503 SET character_set_client = utf8mb4 */;
CREATE TABLE `friend_requests` (
  `from_user_id` bigint unsigned NOT NULL,
  `to_user_id` bigint unsigned NOT NULL,
  `accepted` tinyint(1) DEFAULT '0',
  PRIMARY KEY (`from_user_id`,`to_user_id`),
  KEY `fk_friend_requests_from_user_idx` (`from_user_id`),
  KEY `fk_friend_requests_to_user_idx` (`to_user_id`),
  CONSTRAINT `fk_friend_requests_users_1` FOREIGN KEY (`from_user_id`) REFERENCES `users` (`id`),
  CONSTRAINT `fk_friend_requests_users_2` FOREIGN KEY (`to_user_id`) REFERENCES `users` (`id`)
) ENGINE=InnoDB DEFAULT CHARSET=utf8mb4 COLLATE=utf8mb4_unicode_ci;
/*!40101 SET character_set_client = @saved_cs_client */;

--
-- Dumping data for table `friend_requests`
--

LOCK TABLES `friend_requests` WRITE;
/*!40000 ALTER TABLE `friend_requests` DISABLE KEYS */;
INSERT INTO `friend_requests` VALUES (1,1,1),(2,2,1),(3,3,0),(4,4,1),(5,5,1),(6,6,1),(7,7,0),(8,8,0),(9,9,1),(10,10,0),(11,11,0),(12,12,0),(13,13,0),(14,14,0),(15,15,0),(16,16,0),(17,17,1),(18,18,0),(19,19,1),(20,20,1),(21,21,0),(22,22,0),(23,23,1),(24,24,0),(25,25,1),(26,26,1),(27,27,1),(28,28,0),(29,29,1),(30,30,1),(31,31,1),(32,32,0),(33,33,1),(34,34,0),(35,35,0),(36,36,1),(37,37,0),(38,38,0),(39,39,1),(40,40,1),(41,41,0),(42,42,0),(43,43,1),(44,44,1),(45,45,0),(46,46,0),(47,47,0),(48,48,0),(49,49,1),(50,50,0),(51,51,1),(52,52,1),(53,53,0),(54,54,0),(55,55,0),(56,56,1),(57,57,0),(58,58,1),(59,59,0),(60,60,1),(61,61,0),(62,62,1),(63,63,0),(64,64,0),(65,65,0),(66,66,1),(67,67,0),(68,68,0),(69,69,0),(70,70,1),(71,71,1),(72,72,0),(73,73,0),(74,74,0),(75,75,1),(76,76,1),(77,77,0),(78,78,0),(79,79,1),(80,80,1),(81,81,1),(82,82,0),(83,83,1),(84,84,1),(85,85,0),(86,86,1),(87,87,0),(88,88,0),(89,89,0),(90,90,1),(91,91,0),(92,92,1),(93,93,0),(94,94,0),(95,95,1),(96,96,1),(97,97,0),(98,98,0),(99,99,1),(100,100,0);
/*!40000 ALTER TABLE `friend_requests` ENABLE KEYS */;
UNLOCK TABLES;

--
-- Table structure for table `media`
--

DROP TABLE IF EXISTS `media`;
/*!40101 SET @saved_cs_client     = @@character_set_client */;
/*!50503 SET character_set_client = utf8mb4 */;
CREATE TABLE `media` (
  `id` bigint unsigned NOT NULL AUTO_INCREMENT,
  `user_id` bigint unsigned NOT NULL,
  `media_types_id` int unsigned NOT NULL,
  `file_name` varchar(245) CHARACTER SET utf8mb4 COLLATE utf8mb4_unicode_ci DEFAULT NULL COMMENT '/files/folder/img.png',
  `file_size` bigint unsigned DEFAULT NULL,
  `created_at` datetime NOT NULL DEFAULT CURRENT_TIMESTAMP,
  PRIMARY KEY (`id`),
  UNIQUE KEY `id` (`id`),
  KEY `media_users_idx` (`user_id`),
  KEY `media_media_types_idx` (`media_types_id`),
  CONSTRAINT `fk_media_media_types` FOREIGN KEY (`media_types_id`) REFERENCES `media_types` (`id`),
  CONSTRAINT `fk_media_users` FOREIGN KEY (`user_id`) REFERENCES `users` (`id`)
) ENGINE=InnoDB AUTO_INCREMENT=101 DEFAULT CHARSET=utf8mb4 COLLATE=utf8mb4_unicode_ci;
/*!40101 SET character_set_client = @saved_cs_client */;

--
-- Dumping data for table `media`
--

LOCK TABLES `media` WRITE;
/*!40000 ALTER TABLE `media` DISABLE KEYS */;
INSERT INTO `media` VALUES (1,1,1,'deleniti',812981483,'1977-09-07 09:56:34'),(2,2,2,'minima',1380,'2013-12-04 09:34:43'),(3,3,3,'natus',0,'2009-10-30 00:07:15'),(4,4,4,'similique',69,'1970-07-23 18:48:05'),(5,5,1,'cupiditate',213050433,'1974-04-20 23:39:08'),(6,6,2,'enim',85917727,'1994-06-07 10:52:23'),(7,7,3,'aut',0,'2007-03-30 06:39:15'),(8,8,4,'quod',540776,'2005-06-12 22:10:04'),(9,9,1,'id',124,'1977-03-07 21:39:06'),(10,10,2,'ducimus',90780,'1991-06-21 10:45:04'),(11,11,3,'nobis',0,'2013-12-20 23:39:43'),(12,12,4,'rerum',60407492,'1981-05-23 08:15:18'),(13,13,1,'et',0,'1982-02-16 07:59:26'),(14,14,2,'maiores',71,'2017-06-25 09:47:14'),(15,15,3,'earum',0,'1982-01-08 00:09:15'),(16,16,4,'voluptatibus',0,'1991-05-30 21:44:12'),(17,17,1,'ut',817070,'1997-09-02 04:06:13'),(18,18,2,'voluptatem',3,'1975-01-26 05:14:02'),(19,19,3,'quis',6309288,'1977-12-08 05:18:57'),(20,20,4,'quo',572957,'1991-08-25 17:09:22'),(21,21,1,'eius',1,'1973-03-15 12:02:09'),(22,22,2,'minima',0,'2012-07-06 07:53:01'),(23,23,3,'ipsum',0,'2012-12-14 05:08:30'),(24,24,4,'aut',831126503,'2010-12-02 16:04:20'),(25,25,1,'exercitationem',592433995,'1996-07-15 11:04:40'),(26,26,2,'nobis',15384563,'1994-05-12 14:52:30'),(27,27,3,'sed',774,'1977-03-25 03:20:25'),(28,28,4,'optio',54205,'1984-11-20 11:57:29'),(29,29,1,'sequi',13320189,'1987-03-01 03:21:41'),(30,30,2,'voluptates',1586235,'2003-10-17 09:57:40'),(31,31,3,'nostrum',3256864,'1997-12-02 05:21:46'),(32,32,4,'blanditiis',723005,'1992-09-06 06:56:13'),(33,33,1,'pariatur',4023200,'1983-03-15 11:03:46'),(34,34,2,'enim',6450,'2000-12-18 15:39:09'),(35,35,3,'consequatur',2296,'2016-09-21 05:30:13'),(36,36,4,'suscipit',824,'2020-01-18 11:46:47'),(37,37,1,'omnis',277631,'2001-10-20 09:33:03'),(38,38,2,'aut',0,'1982-01-24 18:51:04'),(39,39,3,'qui',254191,'2013-02-23 17:46:44'),(40,40,4,'quae',874,'2015-02-08 09:51:20'),(41,41,1,'recusandae',0,'1977-02-06 14:20:16'),(42,42,2,'voluptas',238,'2010-11-29 05:36:27'),(43,43,3,'est',737897072,'1981-07-04 06:52:20'),(44,44,4,'ut',6084189,'1973-07-14 15:49:28'),(45,45,1,'quo',738639760,'1983-12-06 18:18:03'),(46,46,2,'fugiat',4312716,'2020-08-17 14:35:40'),(47,47,3,'rerum',62731282,'2016-04-19 00:08:14'),(48,48,4,'vel',740438,'2000-07-18 05:13:18'),(49,49,1,'minus',278311,'1998-07-31 14:18:10'),(50,50,2,'deserunt',47,'1998-12-23 13:44:51'),(51,51,3,'et',28850676,'1999-08-14 07:11:10'),(52,52,4,'non',228494888,'2007-09-14 22:52:50'),(53,53,1,'amet',303101749,'1996-07-19 14:16:03'),(54,54,2,'necessitatibus',31693,'2000-07-29 03:34:01'),(55,55,3,'quaerat',44560888,'2015-10-23 06:50:45'),(56,56,4,'praesentium',0,'2009-10-13 05:29:41'),(57,57,1,'minima',3,'2013-05-24 15:32:09'),(58,58,2,'quasi',799970,'2007-10-03 10:41:47'),(59,59,3,'voluptatibus',5,'2012-05-16 16:26:52'),(60,60,4,'est',17210,'1981-06-30 13:23:21'),(61,61,1,'eaque',95707398,'2015-08-05 22:40:35'),(62,62,2,'facilis',0,'2019-10-27 09:29:47'),(63,63,3,'voluptatem',6167,'1992-11-07 05:19:09'),(64,64,4,'possimus',492613,'2020-09-12 05:06:37'),(65,65,1,'dolorem',70673,'2019-10-07 12:27:24'),(66,66,2,'sapiente',5230520,'2016-06-29 01:16:09'),(67,67,3,'perspiciatis',50271462,'1982-10-09 11:43:30'),(68,68,4,'molestias',9622991,'2012-09-10 03:42:21'),(69,69,1,'recusandae',73,'1986-05-29 08:49:26'),(70,70,2,'aliquam',5,'2001-11-24 03:26:52'),(71,71,3,'deserunt',309473,'1991-01-11 19:51:34'),(72,72,4,'odit',55,'1973-07-12 00:41:56'),(73,73,1,'sit',5,'1999-05-30 08:10:56'),(74,74,2,'laborum',13106176,'1997-11-29 02:05:06'),(75,75,3,'ipsam',146662,'1984-11-03 03:07:20'),(76,76,4,'unde',186192,'2009-11-15 16:12:42'),(77,77,1,'qui',37,'1977-03-09 00:59:18'),(78,78,2,'dolores',3650,'1997-09-02 20:35:20'),(79,79,3,'assumenda',330404649,'2015-03-09 08:24:11'),(80,80,4,'aut',2481,'1989-11-06 00:55:42'),(81,81,1,'accusantium',541523,'1990-10-21 05:04:13'),(82,82,2,'esse',4544499,'2001-08-11 15:09:24'),(83,83,3,'eum',50390293,'1986-09-07 08:00:47'),(84,84,4,'praesentium',65677,'1981-05-18 22:07:49'),(85,85,1,'impedit',0,'1981-09-09 14:42:03'),(86,86,2,'est',32,'2004-07-10 01:19:31'),(87,87,3,'quis',4776942,'2011-07-21 07:15:04'),(88,88,4,'quas',0,'1975-06-10 04:41:33'),(89,89,1,'dolores',184077072,'1986-03-08 16:43:05'),(90,90,2,'fugit',88945,'1984-08-05 13:42:01'),(91,91,3,'perspiciatis',258,'1991-09-16 21:28:42'),(92,92,4,'earum',9356,'2001-06-11 13:45:16'),(93,93,1,'quae',86,'2005-06-07 21:11:14'),(94,94,2,'libero',6499,'2002-03-21 21:41:12'),(95,95,3,'laborum',722,'2000-03-01 08:23:53'),(96,96,4,'voluptatem',2,'1998-06-05 19:38:29'),(97,97,1,'aliquam',0,'1976-12-11 09:59:42'),(98,98,2,'voluptatem',547585,'2003-10-14 08:55:20'),(99,99,3,'pariatur',1,'2017-04-16 01:03:48'),(100,100,4,'dolorem',32,'2019-09-21 13:47:37');
/*!40000 ALTER TABLE `media` ENABLE KEYS */;
UNLOCK TABLES;

--
-- Table structure for table `media_types`
--

DROP TABLE IF EXISTS `media_types`;
/*!40101 SET @saved_cs_client     = @@character_set_client */;
/*!50503 SET character_set_client = utf8mb4 */;
CREATE TABLE `media_types` (
  `id` int unsigned NOT NULL AUTO_INCREMENT,
  `name` varchar(45) CHARACTER SET utf8mb4 COLLATE utf8mb4_unicode_ci NOT NULL,
  PRIMARY KEY (`id`),
  UNIQUE KEY `name` (`name`)
) ENGINE=InnoDB AUTO_INCREMENT=5 DEFAULT CHARSET=utf8mb4 COLLATE=utf8mb4_unicode_ci;
/*!40101 SET character_set_client = @saved_cs_client */;

--
-- Dumping data for table `media_types`
--

LOCK TABLES `media_types` WRITE;
/*!40000 ALTER TABLE `media_types` DISABLE KEYS */;
INSERT INTO `media_types` VALUES (4,'flx'),(1,'kpt'),(2,'oth'),(3,'wmx');
/*!40000 ALTER TABLE `media_types` ENABLE KEYS */;
UNLOCK TABLES;

--
-- Table structure for table `messages`
--

DROP TABLE IF EXISTS `messages`;
/*!40101 SET @saved_cs_client     = @@character_set_client */;
/*!50503 SET character_set_client = utf8mb4 */;
CREATE TABLE `messages` (
  `id` bigint unsigned NOT NULL AUTO_INCREMENT,
  `from_user_id` bigint unsigned NOT NULL,
  `to_user_id` bigint unsigned NOT NULL,
  `txt` text CHARACTER SET utf8mb4 COLLATE utf8mb4_unicode_ci NOT NULL,
  `is_delivered` tinyint(1) DEFAULT '0',
  `created_at` datetime NOT NULL DEFAULT CURRENT_TIMESTAMP,
  `updated_at` datetime DEFAULT CURRENT_TIMESTAMP ON UPDATE CURRENT_TIMESTAMP COMMENT 'Время обновления строки',
  PRIMARY KEY (`id`),
  UNIQUE KEY `id` (`id`),
  KEY `fk_messages_from_user_idx` (`from_user_id`),
  KEY `fk_messages_to_user_idx` (`to_user_id`),
  CONSTRAINT `fk_messages_users_1` FOREIGN KEY (`from_user_id`) REFERENCES `users` (`id`),
  CONSTRAINT `fk_messages_users_2` FOREIGN KEY (`to_user_id`) REFERENCES `users` (`id`)
) ENGINE=InnoDB AUTO_INCREMENT=401 DEFAULT CHARSET=utf8mb4 COLLATE=utf8mb4_unicode_ci;
/*!40101 SET character_set_client = @saved_cs_client */;

--
-- Dumping data for table `messages`
--

LOCK TABLES `messages` WRITE;
/*!40000 ALTER TABLE `messages` DISABLE KEYS */;
INSERT INTO `messages` VALUES (301,66,11,'Alice thought this a very short time the Mouse only shook its head impatiently, and said, \'So you think I must have been a holiday?\' \'Of course you don\'t!\' the Hatter were having tea at it: a.',0,'1971-03-08 05:16:49','1991-03-25 17:32:00'),(302,80,69,'Gryphon, and, taking Alice by the English, who wanted leaders, and had just begun to think to herself, (not in a confused way, \'Prizes! Prizes!\' Alice had got so close to the door, she found herself.',0,'1972-04-19 04:53:48','2014-04-18 17:32:50'),(303,57,5,'I got up this morning, but I can\'t quite follow it as far as they came nearer, Alice could speak again. The rabbit-hole went straight on like a wild beast, screamed \'Off with her head!\' the Queen.',0,'1974-02-21 14:35:57','1999-03-16 07:05:51'),(304,82,61,'Dormouse!\' And they pinched it on both sides at once. The Dormouse again took a minute or two, looking for them, but they were all shaped like the look of the tea--\' \'The twinkling of the court,\".',0,'2018-07-13 16:37:52','1984-10-27 08:38:18'),(305,90,56,'The executioner\'s argument was, that if something wasn\'t done about it just now.\' \'It\'s the thing Mock Turtle in a great crash, as if she were looking up into hers--she could hear the Rabbit hastily.',1,'2015-11-09 20:53:17','2013-08-16 09:50:51'),(306,85,57,'When the pie was all ridges and furrows; the balls were live hedgehogs, the mallets live flamingoes, and the baby with some surprise that the poor child, \'for I never was so full of the leaves: \'I.',0,'1984-12-21 21:32:34','1991-06-08 14:35:54'),(307,87,77,'Gryphon. \'The reason is,\' said the Duchess; \'and most of \'em do.\' \'I don\'t see any wine,\' she remarked. \'It tells the day and night! You see the earth takes twenty-four hours to turn into a.',1,'1997-07-08 10:46:15','2007-06-28 10:34:17'),(308,14,11,'I do hope it\'ll make me larger, it must be the best thing to get her head in the pool, and the party went back for a few minutes she heard a little shaking among the party. Some of the hall; but,.',0,'2010-06-02 03:18:26','2004-08-25 23:56:29'),(309,48,36,'Alice knew it was written to nobody, which isn\'t usual, you know.\' \'I DON\'T know,\' said the Dormouse: \'not in that poky little house, and have next to her. The Cat seemed to listen, the whole thing,.',0,'2012-07-07 15:48:44','1980-11-02 05:00:21'),(310,68,55,'NOT be an advantage,\' said Alice, \'but I must go back and finish your story!\' Alice called out \'The race is over!\' and they repeated their arguments to her, And mentioned me to sell you a present of.',1,'1977-04-04 19:39:43','1985-10-23 16:01:25'),(311,14,91,'YOU must cross-examine the next moment a shower of little Alice was thoroughly puzzled. \'Does the boots and shoes!\' she repeated in a sulky tone; \'Seven jogged my elbow.\' On which Seven looked up.',0,'2011-01-03 20:14:57','1974-04-15 21:38:52'),(312,70,43,'She hastily put down yet, before the trial\'s over!\' thought Alice. One of the bill, \"French, music, AND WASHING--extra.\"\' \'You couldn\'t have done that?\' she thought. \'I must be kind to them,\'.',1,'1977-03-04 01:35:26','1999-08-16 18:59:12'),(313,12,62,'So Bill\'s got to grow to my boy, I beat him when he finds out who I WAS when I grow up, I\'ll write one--but I\'m grown up now,\' she added in an encouraging tone. Alice looked up, and began talking to.',0,'2018-04-07 19:53:37','1977-12-04 21:19:56'),(314,85,89,'I know all the rest of the suppressed guinea-pigs, filled the air, I\'m afraid, sir\' said Alice, who had spoken first. \'That\'s none of my own. I\'m a deal too far off to trouble myself about you: you.',0,'1995-09-13 02:00:57','2002-08-26 14:29:33'),(315,64,78,'Alice coming. \'There\'s PLENTY of room!\' said Alice very meekly: \'I\'m growing.\' \'You\'ve no right to grow up any more if you\'d rather not.\' \'We indeed!\' cried the Mouse, who was trembling down to the.',1,'1992-04-12 14:58:13','1995-02-11 17:16:35'),(316,65,29,'CHORUS. (In which the cook and the second time round, she found this a very curious to see if he would not give all else for two reasons. First, because I\'m on the bank, and of having nothing to do:.',1,'1993-11-05 18:01:10','2011-01-08 01:58:24'),(317,88,45,'I want to go down--Here, Bill! the master says you\'re to go down the bottle, saying to her great delight it fitted! Alice opened the door with his head!\"\' \'How dreadfully savage!\' exclaimed Alice..',1,'2017-02-19 00:02:33','2021-01-08 05:46:20'),(318,98,45,'Rabbit asked. \'No, I didn\'t,\' said Alice: \'she\'s so extremely--\' Just then her head was so long that they must be getting somewhere near the house till she was out of sight: \'but it doesn\'t.',0,'1973-05-03 13:10:38','1982-04-24 12:21:04'),(319,50,80,'Owl, as a lark, And will talk in contemptuous tones of the Queen left off, quite out of a muchness\"--did you ever see you any more!\' And here Alice began to repeat it, but her voice close to them,.',1,'1983-06-23 09:12:43','1998-07-22 20:57:17'),(320,5,39,'Duchess replied, in a few minutes that she ran off at once, while all the time he was in the last few minutes she heard the Queen said to Alice, very much pleased at having found out a history of.',0,'1997-02-08 19:52:25','2010-08-14 00:37:16'),(321,35,89,'Hatter grumbled: \'you shouldn\'t have put it to be Number One,\' said Alice. \'Then it ought to tell its age, there was Mystery,\' the Mock Turtle, capering wildly about. \'Change lobsters again!\' yelled.',0,'2013-02-19 20:15:45','1972-04-23 19:12:20'),(322,95,22,'The next thing is, to get through was more than Alice could see it again, but it just at present--at least I mean what I get\" is the same thing, you know.\' \'Not at first, but, after watching it a.',0,'1997-03-15 09:11:17','2013-11-02 15:45:03'),(323,66,9,'Majesty,\' said the one who had followed him into the court, she said to the fifth bend, I think?\' he said in a voice outside, and stopped to listen. \'Mary Ann! Mary Ann!\' said the Knave, \'I didn\'t.',0,'2010-11-07 18:21:01','2008-05-17 00:31:12'),(324,33,14,'I can\'t get out of its little eyes, but it was indeed: she was exactly the right size for going through the air! Do you think, at your age, it is almost certain to disagree with you, sooner or.',0,'1978-04-28 01:59:07','1974-07-29 03:29:55'),(325,44,100,'King. \'Nothing whatever,\' said Alice. \'Then it doesn\'t matter which way she put her hand in hand with Dinah, and saying to herself, \'Why, they\'re only a mouse that had made her draw back in a.',0,'1980-07-14 09:13:28','1996-03-13 17:44:30'),(326,69,57,'So you see, so many out-of-the-way things had happened lately, that Alice had never been so much frightened that she was losing her temper. \'Are you content now?\' said the Duchess; \'and that\'s a.',1,'1998-09-16 01:06:42','2010-10-18 17:21:16'),(327,90,38,'I wonder what they\'ll do next! If they had any dispute with the dream of Wonderland of long ago: and how she would catch a bat, and that\'s all the right thing to nurse--and she\'s such a puzzled.',0,'1995-07-17 01:26:00','1973-01-17 06:27:07'),(328,100,2,'At last the Gryphon went on, \'What\'s your name, child?\' \'My name is Alice, so please your Majesty,\' he began, \'for bringing these in: but I shall never get to twenty at that rate! However, the.',1,'2012-11-22 07:38:42','1987-04-03 09:30:27'),(329,99,84,'I beg your pardon!\' she exclaimed in a voice sometimes choked with sobs, to sing \"Twinkle, twinkle, little bat! How I wonder what you\'re doing!\' cried Alice, with a pair of gloves and a piece of it.',1,'2009-01-17 03:14:25','1988-10-29 03:23:44'),(330,91,63,'Alice thought to herself \'Now I can listen all day about it!\' Last came a little now and then, if I only wish it was,\' he said. (Which he certainly did NOT, being made entirely of cardboard.) \'All.',1,'1999-03-03 04:36:12','1973-07-11 01:41:35'),(331,62,56,'Alice had been looking at the door--I do wish I hadn\'t quite finished my tea when I learn music.\' \'Ah! that accounts for it,\' said Alice, a little scream of laughter. \'Oh, hush!\' the Rabbit coming.',1,'1983-04-13 12:41:34','2017-11-05 04:34:05'),(332,91,50,'EVEN finish, if he thought it would,\' said the Hatter; \'so I should be like then?\' And she squeezed herself up on tiptoe, and peeped over the verses on his knee, and the pair of gloves and the two.',0,'2021-02-28 11:02:57','1994-01-29 18:10:31'),(333,1,89,'This question the Dodo suddenly called out \'The Queen! The Queen!\' and the blades of grass, but she was surprised to see it trot away quietly into the air off all its feet at the bottom of a book,\'.',0,'2020-09-12 16:06:54','2007-11-30 12:50:05'),(334,94,50,'Rabbit hastily interrupted. \'There\'s a great hurry; \'and their names were Elsie, Lacie, and Tillie; and they all moved off, and that if you were down here with me! There are no mice in the sea, some.',1,'2004-01-11 07:00:52','2015-04-08 11:07:20'),(335,68,99,'Alice. \'Well, then,\' the Cat went on, looking anxiously about as much as she was now, and she tried her best to climb up one of the Mock Turtle, capering wildly about. \'Change lobsters again!\'.',0,'1976-11-23 17:25:04','1989-05-25 02:13:48'),(336,88,2,'Soup,\" will you, won\'t you, will you, won\'t you join the dance. \'\"What matters it how far we go?\" his scaly friend replied. \"There is another shore, you know, as we needn\'t try to find any. And yet.',1,'2018-12-22 08:02:37','2015-06-18 19:48:33'),(337,88,83,'King, \'that only makes the matter on, What would become of it; and the pool of tears which she had read several nice little dog near our house I should think very likely true.) Down, down, down..',0,'1983-07-14 04:31:04','1972-06-06 04:38:14'),(338,24,54,'WHAT things?\' said the Caterpillar. \'I\'m afraid I can\'t show it you myself,\' the Mock Turtle, capering wildly about. \'Change lobsters again!\' yelled the Gryphon replied rather impatiently: \'any.',1,'1999-01-17 10:13:29','1985-05-13 11:48:39'),(339,92,56,'Dodo suddenly called out in a long, low hall, which was the first question, you know.\' \'Not the same as the hall was very provoking to find that the mouse doesn\'t get out.\" Only I don\'t know much,\'.',0,'1989-05-13 11:50:08','1977-05-29 22:11:33'),(340,67,35,'All the time it vanished quite slowly, beginning with the tea,\' the March Hare, \'that \"I like what I say,\' the Mock Turtle with a sigh: \'it\'s always tea-time, and we\'ve no time she\'d have everybody.',1,'1971-05-22 10:04:23','1974-01-18 23:55:30'),(341,55,35,'Dormouse\'s place, and Alice looked up, and reduced the answer to shillings and pence. \'Take off your hat,\' the King said to a farmer, you know, this sort of present!\' thought Alice. \'Now we shall.',0,'2001-05-26 11:07:18','2008-07-18 04:13:55'),(342,92,45,'Alice. \'Stand up and down, and felt quite strange at first; but she did so, very carefully, nibbling first at one corner of it: \'No room! No room!\' they cried out when they hit her; and when Alice.',1,'2009-10-22 08:12:57','2020-05-09 21:05:50'),(343,73,92,'Now I growl when I\'m angry. Therefore I\'m mad.\' \'I call it purring, not growling,\' said Alice. \'Come, let\'s try the whole window!\' \'Sure, it does, yer honour: but it\'s an arm for all that.\' \'With.',0,'1980-12-18 14:59:45','1997-10-24 17:57:48'),(344,47,71,'Pray how did you do lessons?\' said Alice, and she tried hard to whistle to it; but she had put on your head-- Do you think you might do something better with the tarts, you know--\' (pointing with.',0,'1985-07-20 08:46:56','1978-05-01 13:38:50'),(345,76,37,'Alice was rather glad there WAS no one could possibly hear you.\' And certainly there was Mystery,\' the Mock Turtle, who looked at Alice, as the soldiers did. After these came the guests, mostly.',1,'1976-03-04 15:25:29','2012-12-24 13:55:47'),(346,34,38,'Dodo. Then they both cried. \'Wake up, Alice dear!\' said her sister; \'Why, what a Mock Turtle recovered his voice, and, with tears running down his face, as long as I do,\' said Alice to herself. At.',1,'1999-12-07 20:51:38','2012-03-24 21:09:26'),(347,93,25,'NEVER come to an end! \'I wonder what you\'re at!\" You know the way out of the shepherd boy--and the sneeze of the trees behind him. \'--or next day, maybe,\' the Footman went on planning to herself.',0,'1989-03-04 22:16:30','2007-07-24 01:50:59'),(348,87,93,'I do wonder what I like\"!\' \'You might just as the hall was very nearly getting up and went to school in the common way. So they began moving about again, and looking at it uneasily, shaking it every.',1,'2008-05-03 22:32:24','1995-05-07 10:34:12'),(349,13,81,'I do wonder what was going to dive in among the people near the right distance--but then I wonder if I must, I must,\' the King said to herself, in a low, hurried tone. He looked at Alice, and tried.',0,'1977-07-14 00:22:29','2016-03-09 01:59:17'),(350,42,81,'So Alice began in a mournful tone, \'he won\'t do a thing I ever heard!\' \'Yes, I think you\'d better finish the story for yourself.\' \'No, please go on!\' Alice said very politely, feeling quite pleased.',1,'1990-11-23 10:24:37','1989-07-15 02:37:36'),(351,80,29,'Was kindly permitted to pocket the spoon: While the Panther were sharing a pie--\' [later editions continued as follows The Panther took pie-crust, and gravy, and meat, While the Duchess said to.',1,'1987-08-31 21:55:28','2018-10-31 09:31:59'),(352,82,67,'Duchess by this very sudden change, but she got to do,\' said Alice to herself, \'because of his head. But at any rate I\'ll never go THERE again!\' said Alice to herself, \'after such a noise inside, no.',0,'2011-09-22 12:36:24','2015-06-08 18:21:29'),(353,12,5,'Alice, \'because I\'m not myself, you see.\' \'I don\'t see any wine,\' she remarked. \'There isn\'t any,\' said the Mock Turtle to sing you a present of everything I\'ve said as yet.\' \'A cheap sort of knot,.',0,'1975-02-07 06:36:44','1979-02-12 18:20:30'),(354,20,3,'For instance, if you want to be?\' it asked. \'Oh, I\'m not the smallest idea how to spell \'stupid,\' and that he shook both his shoes on. \'--and just take his head contemptuously. \'I dare say there may.',0,'2020-02-08 19:15:40','1997-08-21 16:53:17'),(355,61,87,'Tortoise because he was gone, and, by the soldiers, who of course was, how to spell \'stupid,\' and that if you don\'t even know what they\'re about!\' \'Read them,\' said the King. \'Nothing whatever,\'.',1,'1994-12-18 22:35:39','1992-11-03 23:59:15'),(356,37,15,'White Rabbit with pink eyes ran close by her. There was a dead silence instantly, and neither of the cattle in the air. \'--as far out to the little magic bottle had now had its full effect, and she.',1,'1979-04-05 21:05:32','2007-04-05 17:39:17'),(357,22,29,'Alice more boldly: \'you know you\'re growing too.\' \'Yes, but some crumbs must have prizes.\' \'But who has won?\' This question the Dodo managed it.) First it marked out a new idea to Alice, and looking.',0,'2011-05-04 12:46:46','1980-04-06 15:19:19'),(358,60,94,'Some of the busy farm-yard--while the lowing of the jurymen. \'It isn\'t directed at all,\' said Alice: \'besides, that\'s not a moment to be Number One,\' said Alice. \'I don\'t think it\'s at all like the.',1,'2004-06-15 07:19:28','1986-05-06 14:34:39'),(359,20,6,'SHE, of course,\' he said to herself \'This is Bill,\' she gave her one, they gave him two, You gave us three or more; They all made a snatch in the pictures of him), while the rest of the earth. Let.',1,'1977-09-15 01:18:09','2011-03-14 06:20:44'),(360,65,96,'Pat, what\'s that in about half no time! Take your choice!\' The Duchess took her choice, and was going a journey, I should say what you would seem to come out among the people that walk with their.',1,'1978-09-22 03:48:54','2020-12-16 16:03:16'),(361,42,98,'Alice, who was sitting on the breeze that followed them, the melancholy words:-- \'Soo--oop of the jurors had a pencil that squeaked. This of course, to begin at HIS time of life. The King\'s argument.',1,'2003-09-23 10:01:07','2005-12-24 20:44:50'),(362,33,34,'Mouse\'s tail; \'but why do you know I\'m mad?\' said Alice. \'Come on, then!\' roared the Queen, in a low voice. \'Not at all,\' said the Hatter. \'You MUST remember,\' remarked the King, going up to the.',1,'1980-12-03 08:06:33','2006-04-12 13:54:33'),(363,23,19,'Mouse in the distance, and she went slowly after it: \'I never saw one, or heard of one,\' said Alice, surprised at this, but at any rate it would be QUITE as much as she could. \'No,\' said Alice..',0,'1980-03-08 15:18:11','1979-10-10 06:38:40'),(364,26,35,'Then followed the Knave of Hearts, who only bowed and smiled in reply. \'Idiot!\' said the Hatter: \'let\'s all move one place on.\' He moved on as he spoke. \'UNimportant, of course, Alice could only see.',0,'1982-09-19 02:21:30','1987-03-26 11:49:53'),(365,99,68,'These were the verses the White Rabbit cried out, \'Silence in the after-time, be herself a grown woman; and how she would manage it. \'They must go by the time he had come to the jury. \'Not yet, not.',1,'1981-02-19 00:20:22','1995-02-16 01:45:53'),(366,15,78,'There was no \'One, two, three, and away,\' but they all moved off, and that in the world! Oh, my dear paws! Oh my fur and whiskers! She\'ll get me executed, as sure as ferrets are ferrets! Where CAN I.',1,'2020-02-17 14:02:16','1977-07-11 00:53:03'),(367,96,97,'Duchess. \'Everything\'s got a moral, if only you can find it.\' And she opened it, and finding it very much,\' said Alice, whose thoughts were still running on the song, she kept fanning herself all.',1,'1971-10-29 00:02:42','1995-12-02 17:52:24'),(368,45,7,'She soon got it out to her great delight it fitted! Alice opened the door of which was the first to speak. \'What size do you know about it, and found quite a new kind of serpent, that\'s all you know.',1,'1978-10-27 19:50:49','1971-01-10 02:45:17'),(369,2,65,'Alice could speak again. The Mock Turtle with a trumpet in one hand and a great many teeth, so she began thinking over other children she knew that were of the players to be full of tears, but said.',0,'2016-10-18 08:58:07','1973-11-05 17:50:42'),(370,10,62,'This time Alice waited till the Pigeon the opportunity of saying to herself \'It\'s the Cheshire Cat sitting on a crimson velvet cushion; and, last of all the same, the next thing is, to get in?\' she.',1,'2000-05-01 05:58:59','2012-05-10 15:49:39'),(371,52,46,'Alice sharply, for she felt that there was no one to listen to her. The Cat only grinned a little scream, half of anger, and tried to get through the little door into that lovely garden. I think I.',1,'1987-06-03 00:31:34','1983-08-20 04:58:29'),(372,77,73,'Dormouse. \'Don\'t talk nonsense,\' said Alice in a confused way, \'Prizes! Prizes!\' Alice had begun to dream that she was saying, and the Dormouse denied nothing, being fast asleep. \'After that,\'.',1,'1971-02-17 18:43:30','2013-05-18 03:09:30'),(373,75,36,'Dormouse. \'Write that down,\' the King put on his flappers, \'--Mystery, ancient and modern, with Seaography: then Drawling--the Drawling-master was an uncomfortably sharp chin. However, she did not.',1,'1990-09-30 12:21:26','1995-06-17 02:06:08'),(374,66,95,'I dare say you never had fits, my dear, YOU must cross-examine THIS witness.\' \'Well, if I can find out the Fish-Footman was gone, and, by the hedge!\' then silence, and then they wouldn\'t be so proud.',0,'1974-05-18 07:30:13','1978-03-12 17:25:59'),(375,41,31,'Mock Turtle, capering wildly about. \'Change lobsters again!\' yelled the Gryphon never learnt it.\' \'Hadn\'t time,\' said the Duchess: you\'d better finish the story for yourself.\' \'No, please go on!\'.',1,'1983-04-05 16:34:34','1977-07-20 15:42:15'),(376,90,83,'Dormouse; \'--well in.\' This answer so confused poor Alice, \'when one wasn\'t always growing larger and smaller, and being so many tea-things are put out here?\' she asked. \'Yes, that\'s it,\' said the.',0,'1990-05-19 13:08:18','1973-03-01 15:56:14'),(377,28,22,'Poor Alice! It was the Cat in a dreamy sort of circle, (\'the exact shape doesn\'t matter,\' it said,) and then a row of lamps hanging from the Queen was in livery: otherwise, judging by his face only,.',1,'2012-07-19 18:49:48','1981-01-20 03:24:20'),(378,17,50,'YET,\' she said this, she noticed a curious feeling!\' said Alice; \'I might as well as she spoke. Alice did not come the same thing as \"I eat what I was a general chorus of voices asked. \'Why, SHE, of.',0,'1987-05-03 17:41:04','2000-12-08 04:27:18'),(379,40,43,'NOT be an old Crab took the place where it had come back and finish your story!\' Alice called after her. \'I\'ve something important to say!\' This sounded promising, certainly: Alice turned and came.',1,'1978-12-09 00:46:24','1985-10-14 05:29:06'),(380,85,39,'Majesty must cross-examine the next thing was snorting like a stalk out of the water, and seemed not to make out that one of them at dinn--\' she checked herself hastily. \'I thought it would,\' said.',1,'1990-05-07 12:53:54','1983-01-13 12:00:51'),(381,10,100,'King said, turning to Alice severely. \'What are tarts made of?\' \'Pepper, mostly,\' said the sage, as he could think of what sort it was) scratching and scrambling about in all their simple joys,.',1,'2001-01-27 18:26:20','1977-05-10 07:07:50'),(382,17,6,'I will tell you my history, and you\'ll understand why it is I hate cats and dogs.\' It was so much about a foot high: then she remembered the number of executions the Queen said--\' \'Get to your.',0,'2001-10-05 03:34:12','1977-01-31 22:54:06'),(383,97,61,'I should like to hear his history. I must sugar my hair.\" As a duck with its head, it WOULD twist itself round and swam slowly back again, and put back into the garden door. Poor Alice! It was the.',0,'1989-01-13 01:41:54','1998-06-30 00:54:43'),(384,13,98,'Rabbit, and had to stoop to save her neck from being run over; and the other birds tittered audibly. \'What I was a real Turtle.\' These words were followed by a row of lodging houses, and behind it.',0,'1994-11-07 18:05:39','1983-12-30 23:58:48'),(385,26,22,'I\'m here! Digging for apples, indeed!\' said the Gryphon, with a table in the shade: however, the moment she felt that there ought! And when I learn music.\' \'Ah! that accounts for it,\' said the King.',0,'2005-09-19 23:17:27','1987-08-23 01:19:35'),(386,60,77,'Duchess said in a minute. Alice began telling them her adventures from the Gryphon, and the little door into that lovely garden. First, however, she waited for a few minutes it seemed quite dull and.',1,'2011-10-23 03:12:20','2004-09-21 18:08:04'),(387,68,37,'Queen\'s absence, and were resting in the window, I only knew the right way to explain it is you hate--C and D,\' she added in a minute or two, it was very deep, or she should push the matter on, What.',0,'1978-10-02 11:47:05','2002-09-16 17:14:52'),(388,49,42,'I do,\' said the Cat, \'if you only walk long enough.\' Alice felt so desperate that she had felt quite unhappy at the March Hare. \'I didn\'t know that Cheshire cats always grinned; in fact, a sort of a.',0,'2014-10-24 23:10:46','2014-02-13 00:14:41'),(389,72,15,'White Rabbit cried out, \'Silence in the sea. The master was an uncomfortably sharp chin. However, she did not much larger than a rat-hole: she knelt down and make THEIR eyes bright and eager with.',1,'1975-05-10 12:41:39','2004-03-19 21:53:32'),(390,36,13,'Tarts? The King laid his hand upon her knee, and looking at the sudden change, but very glad to find that the Mouse to tell you--all I know I do!\' said Alice very meekly: \'I\'m growing.\' \'You\'ve no.',1,'1994-11-10 03:48:56','1997-09-05 10:27:22'),(391,45,25,'March--just before HE went mad, you know--\' \'What did they draw the treacle from?\' \'You can draw water out of its mouth and yawned once or twice she had expected: before she came upon a low.',1,'1987-11-22 05:34:28','2007-03-05 19:03:20'),(392,96,73,'No, it\'ll never do to ask: perhaps I shall be a grin, and she said this, she was small enough to look through into the loveliest garden you ever saw. How she longed to change the subject of.',0,'1984-02-05 08:59:06','1979-05-02 18:20:58'),(393,46,12,'Oh dear! I\'d nearly forgotten to ask.\' \'It turned into a tidy little room with a sigh: \'it\'s always tea-time, and we\'ve no time she\'d have everybody executed, all round. \'But she must have been was.',0,'2004-07-24 18:31:25','1981-04-10 20:25:47'),(394,23,86,'CHAPTER II. The Pool of Tears \'Curiouser and curiouser!\' cried Alice in a melancholy air, and, after folding his arms and frowning at the March Hare went on. Her listeners were perfectly quiet till.',1,'1970-12-29 22:53:48','2013-06-24 06:25:18'),(395,55,7,'The Duchess took her choice, and was looking about for some time busily writing in his sleep, \'that \"I like what I say,\' the Mock Turtle, who looked at it again: but he now hastily began again,.',0,'1979-09-23 00:55:56','2016-08-06 14:40:14'),(396,24,64,'Alice. \'You did,\' said the Hatter. \'Nor I,\' said the Mock Turtle said: \'no wise fish would go anywhere without a cat! It\'s the most curious thing I know. Silence all round, if you wouldn\'t mind,\'.',1,'1977-12-02 22:27:56','1995-05-17 18:02:34'),(397,7,41,'Queen, the royal children; there were no tears. \'If you\'re going to give the hedgehog had unrolled itself, and began whistling. \'Oh, there\'s no use in the pool was getting very sleepy; \'and they.',0,'1996-01-07 15:06:49','1982-04-27 13:14:13'),(398,69,3,'I do hope it\'ll make me giddy.\' And then, turning to the door, staring stupidly up into the wood. \'It\'s the stupidest tea-party I ever saw in another minute the whole party at once in the pool, and.',0,'1975-05-01 17:21:04','1988-12-20 18:55:22'),(399,1,82,'Beautiful, beauti--FUL SOUP!\' \'Chorus again!\' cried the Mouse, who seemed ready to sink into the court, \'Bring me the truth: did you call him Tortoise, if he doesn\'t begin.\' But she did it at all..',1,'1974-03-26 04:08:03','2020-09-05 20:47:35'),(400,1,27,'White Rabbit, jumping up and beg for its dinner, and all her fancy, that: they never executes nobody, you know. But do cats eat bats?\' and sometimes, \'Do bats eat cats?\' for, you see, Miss, we\'re.',1,'1997-05-12 16:26:02','1971-11-27 13:13:14');
/*!40000 ALTER TABLE `messages` ENABLE KEYS */;
UNLOCK TABLES;

--
-- Table structure for table `profiles`
--

DROP TABLE IF EXISTS `profiles`;
/*!40101 SET @saved_cs_client     = @@character_set_client */;
/*!50503 SET character_set_client = utf8mb4 */;
CREATE TABLE `profiles` (
  `user_id` bigint unsigned NOT NULL,
  `gender` enum('f','m','x') CHARACTER SET utf8mb4 COLLATE utf8mb4_unicode_ci DEFAULT NULL,
  `birthday` date NOT NULL,
  `photo_id` int unsigned DEFAULT NULL,
  `city` varchar(130) CHARACTER SET utf8mb4 COLLATE utf8mb4_unicode_ci DEFAULT NULL,
  `country` varchar(130) CHARACTER SET utf8mb4 COLLATE utf8mb4_unicode_ci DEFAULT NULL,
  PRIMARY KEY (`user_id`),
  CONSTRAINT `profiles_ibfk_1` FOREIGN KEY (`user_id`) REFERENCES `users` (`id`)
) ENGINE=InnoDB DEFAULT CHARSET=utf8mb4 COLLATE=utf8mb4_unicode_ci;
/*!40101 SET character_set_client = @saved_cs_client */;

--
-- Dumping data for table `profiles`
--

LOCK TABLES `profiles` WRITE;
/*!40000 ALTER TABLE `profiles` DISABLE KEYS */;
INSERT INTO `profiles` VALUES (1,'x','1988-02-02',9,'Schummstad','Faroe Islands'),(2,'x','2011-02-20',1,'Samirtown','Kyrgyz Republic'),(3,'x','1998-09-01',3,'Electaport','Jordan'),(4,'x','1992-04-14',3,'Port Moshefort','Gambia'),(5,'m','2011-07-28',5,'Port Bertram','Northern Mariana Islands'),(6,'x','2013-12-28',2,'Gleichnerfort','Marshall Islands'),(7,'x','2012-07-16',1,'North Eddieberg','Russian Federation'),(8,'x','1971-05-08',2,'West Maxie','Kenya'),(9,'m','1997-03-03',1,'Manteview','Palau'),(10,'x','1985-02-17',1,'West Eriberto','Iraq'),(11,'m','1993-07-22',0,'North Laurinestad','Puerto Rico'),(12,'x','1985-10-18',0,'West Anastasia','Puerto Rico'),(13,'x','1993-04-16',6,'New Biankafurt','Hungary'),(14,'x','1996-08-04',8,'New Sean','United States Minor Outlying Islands'),(15,'f','1974-09-18',4,'Metzview','Israel'),(16,'m','2003-11-08',2,'West Ernestineville','Malta'),(17,'m','2010-05-15',8,'Erikville','Liechtenstein'),(18,'m','2013-04-13',4,'South Rafaelachester','Latvia'),(19,'m','1994-07-26',3,'North Isabelleport','Ireland'),(20,'f','2019-02-16',3,'Dagmarfurt','Montserrat'),(21,'f','2016-10-13',8,'North Kayleemouth','Guam'),(22,'x','1970-03-11',0,'Lake Hertamouth','United Kingdom'),(23,'x','2017-03-26',6,'Port Vallie','Togo'),(24,'x','1989-12-04',8,'Port Vivianneside','Korea'),(25,'m','1999-07-19',9,'Kihnhaven','Oman'),(26,'m','1975-02-14',9,'East Estrella','Yemen'),(27,'x','1995-07-02',8,'New Irwin','Myanmar'),(28,'x','1979-06-14',5,'South Felicity','New Zealand'),(29,'x','1993-11-20',6,'West Delphia','Belgium'),(30,'f','1971-11-05',3,'Jalynhaven','Belgium'),(31,'f','2017-11-20',9,'East Giovanna','Serbia'),(32,'f','1988-07-15',7,'South Brooklynmouth','Comoros'),(33,'x','1970-12-03',7,'Mayertmouth','Portugal'),(34,'x','1970-03-12',8,'Port Johnson','China'),(35,'x','2013-02-09',0,'Harveyborough','United States of America'),(36,'x','2010-12-05',1,'North Mollie','Egypt'),(37,'x','1986-02-02',0,'Lempiton','Sao Tome and Principe'),(38,'f','2012-03-28',1,'North Lonny','Greece'),(39,'x','1973-04-04',2,'Binsland','Niue'),(40,'f','2008-06-11',9,'Port Gerald','Kenya'),(41,'f','1998-04-10',9,'Ullrichshire','Panama'),(42,'m','1975-01-21',3,'Andersonmouth','Netherlands Antilles'),(43,'f','1970-02-25',9,'Jeremietown','Bahamas'),(44,'f','1970-09-09',9,'Reichelton','French Polynesia'),(45,'x','1980-03-07',8,'Yosttown','Afghanistan'),(46,'m','1971-12-20',1,'North Selena','French Polynesia'),(47,'m','1976-04-20',2,'New Arelystad','British Virgin Islands'),(48,'m','1983-09-03',4,'Port Jerod','Cuba'),(49,'x','2003-04-05',2,'South Olaf','Czech Republic'),(50,'x','1981-03-09',2,'New Samson','Iraq'),(51,'m','1982-02-23',8,'Janetview','Australia'),(52,'x','2003-02-01',9,'Port Amiraside','Vietnam'),(53,'f','1990-02-24',5,'South Bertha','Micronesia'),(54,'f','1975-05-27',0,'Joanchester','Vanuatu'),(55,'m','2005-02-14',7,'Jakubowskiberg','Burkina Faso'),(56,'f','1976-03-14',5,'Bauchfurt','Wallis and Futuna'),(57,'f','2012-01-29',5,'West Nedra','Slovenia'),(58,'m','1999-11-27',8,'Jaquanstad','Serbia'),(59,'m','1997-08-15',9,'East Joeltown','Norfolk Island'),(60,'m','1998-03-17',7,'East Savannahmouth','Greece'),(61,'x','1987-01-05',1,'Cyrilberg','Togo'),(62,'f','2002-11-29',7,'Omaribury','Bolivia'),(63,'f','1977-03-12',1,'West Alisha','Albania'),(64,'x','1975-01-01',6,'New Joany','United Arab Emirates'),(65,'x','2008-08-24',1,'West Birdie','Malaysia'),(66,'m','1976-04-13',4,'New Lupe','Sierra Leone'),(67,'m','2005-01-23',2,'Lake Kristoffer','Antarctica (the territory South of 60 deg S)'),(68,'m','1979-12-19',8,'Amarafort','Micronesia'),(69,'m','2000-04-11',8,'East Joelleborough','Belgium'),(70,'x','1996-07-04',0,'East Theamouth','Uruguay'),(71,'f','1983-03-12',9,'Lake Aylin','Netherlands'),(72,'m','2015-10-15',2,'Handfurt','Greece'),(73,'x','1988-12-21',4,'North Jairo','Cameroon'),(74,'f','2001-09-15',9,'Schulistton','Serbia'),(75,'f','2009-04-14',5,'Dickenston','Togo'),(76,'f','1973-02-06',2,'Port Delta','Iran'),(77,'x','1992-07-16',6,'Kirashire','Mayotte'),(78,'x','1972-08-12',5,'South Herminia','Kiribati'),(79,'f','2012-03-15',1,'Josianemouth','Tonga'),(80,'x','1977-07-28',6,'Volkmanville','Western Sahara'),(81,'f','2009-08-27',6,'North Rachaeltown','Venezuela'),(82,'m','1996-07-04',7,'Reedchester','Libyan Arab Jamahiriya'),(83,'f','2013-12-03',9,'New Erwin','Guernsey'),(84,'x','2007-07-14',9,'Port Fabiola','Holy See (Vatican City State)'),(85,'f','2008-07-25',8,'Adanton','Bermuda'),(86,'x','1970-01-11',3,'Lake Forrest','Saint Helena'),(87,'f','1986-01-16',6,'Carrollfurt','Belarus'),(88,'x','2000-11-04',4,'Faheyview','Tajikistan'),(89,'x','2016-06-30',6,'West Roma','Israel'),(90,'m','1994-11-04',6,'North Oran','Serbia'),(91,'f','1985-12-14',7,'Port Boyd','Argentina'),(92,'x','1985-01-21',3,'South Ignatiuston','Andorra'),(93,'f','1974-05-08',4,'Schneiderfort','Panama'),(94,'m','1987-06-08',8,'West Brodyland','Anguilla'),(95,'m','1980-01-15',9,'Lailashire','South Africa'),(96,'m','2002-10-09',4,'West Marlee','Bahrain'),(97,'f','1985-03-19',6,'West Adriana','Faroe Islands'),(98,'m','2018-06-16',8,'West Gabe','Pitcairn Islands'),(99,'f','2002-09-01',9,'Genevieveport','Bhutan'),(100,'m','1984-04-20',5,'Schusterborough','Lesotho');
/*!40000 ALTER TABLE `profiles` ENABLE KEYS */;
UNLOCK TABLES;

--
-- Table structure for table `users`
--

DROP TABLE IF EXISTS `users`;
/*!40101 SET @saved_cs_client     = @@character_set_client */;
/*!50503 SET character_set_client = utf8mb4 */;
CREATE TABLE `users` (
  `id` bigint unsigned NOT NULL AUTO_INCREMENT,
  `firstname` varchar(50) CHARACTER SET utf8mb4 COLLATE utf8mb4_unicode_ci NOT NULL,
  `lastname` varchar(50) CHARACTER SET utf8mb4 COLLATE utf8mb4_unicode_ci NOT NULL COMMENT 'ФАМИЛИЯ',
  `email` varchar(120) CHARACTER SET utf8mb4 COLLATE utf8mb4_unicode_ci NOT NULL,
  `phone` char(11) CHARACTER SET utf8mb4 COLLATE utf8mb4_unicode_ci NOT NULL,
  `password_hash` char(65) CHARACTER SET utf8mb4 COLLATE utf8mb4_unicode_ci DEFAULT NULL,
  `created_at` datetime NOT NULL DEFAULT CURRENT_TIMESTAMP,
  PRIMARY KEY (`id`),
  UNIQUE KEY `id` (`id`),
  UNIQUE KEY `email` (`email`),
  KEY `users_email_idx` (`email`),
  KEY `users_phone_idx` (`phone`)
) ENGINE=InnoDB AUTO_INCREMENT=101 DEFAULT CHARSET=utf8mb4 COLLATE=utf8mb4_unicode_ci;
/*!40101 SET character_set_client = @saved_cs_client */;

--
-- Dumping data for table `users`
--

LOCK TABLES `users` WRITE;
/*!40000 ALTER TABLE `users` DISABLE KEYS */;
INSERT INTO `users` VALUES (1,'Geovanni','Hettinger','casper.maynard@example.net','1-591-689-1','a3df75d5784dab98d33aa115af33ec721b683eb3','1988-09-06 17:52:09'),(2,'Lenore','O\'Connell','ihartmann@example.org','994-939-874','aabebef687bd1118dd45ca9bfa86cd209d6aeb9a','1993-07-24 18:39:31'),(3,'Jaydon','Watsica','orville27@example.org','268.424.637','f2439374c0a1b8dcca24079904c704091f605356','2005-02-20 23:22:15'),(4,'Liam','Runte','anna.walsh@example.com','159-385-507','d369a0ce927cab61b8b3a662f3ef28577a2441e2','2000-02-08 11:10:50'),(5,'Santina','Marks','weber.leonora@example.com','884.002.906','ca1096fc6b44108b37697a45ab4b59c05895ea8e','2018-03-16 11:42:03'),(6,'Alexandre','Marvin','greenfelder.delta@example.com','(685)436-68','d8180387748ac26d1e2a13ecb09ff0581d6ca441','2016-09-28 19:19:44'),(7,'Nelle','Lakin','geraldine.steuber@example.org','1-437-883-9','03b305c3a372d500a37b680e38984d40a3056224','2003-06-04 18:00:00'),(8,'Jayson','Tillman','waters.patsy@example.com','504-324-517','203229f53302f182c44e8e4992154161cab6b2b8','1974-10-12 00:40:41'),(9,'Christ','Bahringer','kirlin.zackary@example.com','(165)991-43','cfded40d829d23f9705ee646d4e128998c46222e','2004-08-03 03:42:07'),(10,'Anderson','Wintheiser','dibbert.cory@example.net','(228)592-31','4a2a51a88dea300481008a7eee2f27ad3a273d07','1979-02-02 00:46:14'),(11,'Lois','Beatty','jbaumbach@example.net','+76(5)04289','e582e921b5573c0d2f6c8d6eac3fe294cdef6493','2007-12-27 03:50:51'),(12,'Kyler','Schaden','quigley.kiara@example.com','1-833-008-9','77357c57453baea4d8496be7605ddeb9feaa7144','2011-01-30 18:38:25'),(13,'Catalina','Bayer','ulittle@example.com','046-320-191','ce0aeeb23a2f40eff4af64330899cc1165747a8e','2002-03-21 22:19:52'),(14,'Fannie','Kutch','michele.kshlerin@example.org','(929)321-76','9a8c6640994bfee666011cf38bf70b544559bc42','1992-12-18 12:03:47'),(15,'Allan','Purdy','urogahn@example.com','1-751-218-5','3eadf302c95e09764d621395f5faf48cb796fa50','1983-01-30 10:01:09'),(16,'Russell','Parker','kuhn.sabryna@example.com','350.356.978','160791b2ac1357984b627fe888c005a3c74c965f','1979-09-13 21:52:52'),(17,'Leslie','Fay','jacobs.kiel@example.net','716-940-924','650b4c88f9f4e60266c2bcd9ebccf3fcdb1ee666','1977-03-31 11:52:17'),(18,'Keven','Walker','jack01@example.net','863-493-293','dbe05fa6a02257e34f6351fdb3bc126eea6ac349','1981-08-20 03:58:51'),(19,'Meggie','Wiegand','fae.roob@example.com','362.547.745','cb281f0d17ab31d6ecfb37ff4346dc09fb5ad986','1979-04-17 12:13:06'),(20,'Ayana','Ernser','rodriguez.joyce@example.com','(257)434-47','f65a05b98a8986e3d34ac72dfe72aeb25313c0af','2010-06-12 20:38:43'),(21,'Buster','Heathcote','hegmann.ellsworth@example.org','453-963-184','5d6728a066595ca878555d5e24fa9b4edef0041e','1983-01-19 00:20:17'),(22,'Madonna','Langworth','ansley96@example.org','(670)352-56','debf424709bb7ddc6b7537adc1f5e83127c4337b','1985-10-13 07:36:16'),(23,'Edward','Runolfsson','qkilback@example.com','07437437952','e02ee94f8e011602b5e07bc977287ff89de8a660','1992-05-27 06:57:33'),(24,'Dorthy','Breitenberg','frussel@example.net','(663)213-30','4a1bb45fe6f1106e9d171e76109e99e5cc9008f2','1986-12-19 11:02:01'),(25,'Petra','Nienow','monahan.precious@example.com','137-455-517','e2d5da80213724912af224fb8d07a3a57bdbc38e','1975-05-05 03:49:17'),(26,'Clemmie','King','rutherford.ewald@example.com','03956429485','714c215ecaaba8854057dde117b4cb1f69515083','1997-11-18 20:16:40'),(27,'Kira','Cartwright','tkeeling@example.org','853-327-621','3631ff71ad37a8f2bc09443f3dadac9a85021665','2005-07-09 02:18:06'),(28,'Gayle','Reilly','nitzsche.zoila@example.org','284.794.967','0ce8ffb5b9bb44bd5ee6d65d6b4db604f4bd26bd','1975-01-27 23:30:13'),(29,'Frank','Wolf','sgrant@example.org','050.047.702','14979023a4f78d9a6c9ae24a254f5de85e49ccee','1992-03-12 06:03:14'),(30,'Norbert','Toy','charlie26@example.com','(017)894-96','c9e33c4ac80f7c886159c7edcf95a30b8f8c98bc','1999-10-27 18:27:07'),(31,'Alden','Christiansen','gwen14@example.net','220-138-551','6153ff4bf58e644f651c180adc5d75db85a4e0ea','1976-03-28 11:05:36'),(32,'Mayra','Hyatt','koelpin.mervin@example.com','(172)089-67','fdaa4ebe216c1b0e9352918301b75f7926a7b6f1','1998-02-26 14:39:18'),(33,'Weldon','Zieme','cade93@example.net','646-541-465','0ce48f09a4c10f950fef94cfd4f04d60ea3466dd','1978-08-25 04:36:41'),(34,'Karina','Dare','wilbert.cremin@example.com','1-767-927-7','908d0f52c135e8474dc1b47d44fd486384c09654','1977-06-03 22:07:54'),(35,'Nikita','Smith','greenholt.jefferey@example.com','1-576-036-5','47db88ebf3afdbebbf18ec5633167bb0f26d3de1','2007-07-25 18:30:19'),(36,'Lemuel','Kreiger','tmorar@example.com','1-126-896-7','f840307b850f14debc9c7b8c0cf486d487bb7978','1983-02-06 23:57:32'),(37,'Aurore','Osinski','piper.reichert@example.org','1-736-823-1','50aba4eceaf75ac3688be3c5008431ea5d9e9e6b','2000-08-09 17:16:47'),(38,'Anderson','Balistreri','zgreenholt@example.com','1-813-019-0','5a06c91b2e496e3c39a59c361edacdff89491bb5','1978-09-05 19:16:09'),(39,'Rocky','Kirlin','stephan83@example.org','07627232973','371aec0aafd65e89aa14e5a29088a6a8e4c9b6cb','1970-02-16 20:41:00'),(40,'Annamarie','Raynor','zgoyette@example.com','831-346-022','88b2ae31d8b2e9955d1e8d7e55c1a6379c3eef4c','1992-06-21 07:39:31'),(41,'Felix','Gleichner','bzulauf@example.com','1-364-739-2','1f3a4af86fd3e05f4c25ee0af5b567b5fe13b82a','1988-10-10 22:52:46'),(42,'Arvilla','Koepp','zoila45@example.org','+07(7)47006','d87ed4c63ff58f74af85b63c131f73172f7194ad','1979-09-05 04:57:16'),(43,'Bobby','Witting','aletha89@example.com','1-236-701-1','249d7e1d552382a6029fdd5ba533825b112c14dd','1984-11-05 17:14:11'),(44,'Aliyah','Roob','phegmann@example.com','(195)804-91','ff6c291992608f9081a8f455ddabf575d4838613','1975-01-01 22:41:18'),(45,'Tina','Bednar','cleta.graham@example.org','820.024.540','b50b39af2c85d25fb91168934b45aa5413a7924a','2002-06-22 19:00:53'),(46,'Alexzander','Funk','eulalia.stracke@example.com','623.461.419','5ef80dc6980d77973903ff39a46914761eabcda3','1978-06-01 20:19:03'),(47,'Serenity','Bogisich','ondricka.rachelle@example.net','714-651-749','b1bc3f5d546cba1a14e32e6438c969fc358090d2','1985-07-20 13:13:06'),(48,'Lue','Satterfield','barton.alia@example.com','1-882-687-9','67400e8ba8e1459c9de9a147bd2ad1b3ac410a12','2010-06-05 05:03:51'),(49,'Augusta','Greenfelder','liana56@example.org','1-575-924-1','b2cfa5ceba1019ad479103575de4fbed01086f93','1984-05-12 12:13:56'),(50,'Nayeli','Rosenbaum','xshanahan@example.org','238.986.572','b34a1b24c5c25f533fd4f30fdc619f55f3034d5b','2012-11-20 23:36:34'),(51,'Dusty','Block','deckow.grady@example.org','1-558-056-6','ad06eb35212b5c6c52f2cedf00b3e0d8cd92ede4','1989-09-26 09:56:44'),(52,'Mac','Lang','zena89@example.net','581-705-434','1f7767839c615414c4fa0492b18f06c495b04353','1994-06-18 16:30:45'),(53,'Virginie','Bogisich','jeffrey32@example.net','(598)828-36','3621212aaa83b4df616afa8a9094bbbec8b5d5d1','1980-04-08 17:06:45'),(54,'Hayden','Zulauf','steuber.arlene@example.com','759-025-433','fa22b70f155f96bbe608d90e6ae64c41fbc21b17','2014-03-09 16:27:03'),(55,'Lonie','Schamberger','isaac.nader@example.org','01981136402','5c75ffe97dbb1ed7c8bfcd04c30989d60fad735d','1986-04-23 05:56:17'),(56,'Jannie','Veum','lboehm@example.org','+43(7)87546','da35ec6e6a51737d61658206606205bd8dfb0b7a','2013-03-19 19:56:35'),(57,'Deshawn','Schmeler','oral.rippin@example.org','(308)220-80','b505bf4afe3450311f2ee97049ad814c790b7470','2018-04-12 04:50:42'),(58,'Shannon','Considine','mkrajcik@example.com','475.895.307','945caa2e770024a58ded3ca9e2a4a1d838b56053','2016-11-23 09:50:33'),(59,'Adelle','Leffler','king.tyra@example.com','783.006.711','f834ec2b848ac3e1f6705e755045bb0991e9eb30','1997-05-28 13:51:37'),(60,'Maud','Kilback','nblanda@example.org','946-743-315','3da9a14e827f460cc18e900219ce4b02d6465648','2018-06-28 09:02:36'),(61,'Allen','Streich','judd54@example.net','(554)635-22','69fac90142de96da8cf558e5fc751b067506f824','1982-06-20 10:46:34'),(62,'Ansley','Stark','foberbrunner@example.net','(334)417-14','3d8f5f9aebcc6b759f300857d4d7d8e3cc59d1e9','2006-01-14 02:48:57'),(63,'Aurelie','Daniel','kayla.heller@example.org','433.656.552','5b27629b4c635650df5d43adfecfc85d32cfc35a','2004-10-23 13:14:29'),(64,'Vidal','Smith','leone.franecki@example.org','(588)099-97','e16b7431d80f8d82b4a96fdf7e73966ac7dd3879','2002-10-12 02:20:20'),(65,'Hillary','Jacobs','yasmeen.stiedemann@example.org','642-930-689','28813e5410f5494090720095298fbda7f20441c6','2006-03-25 10:43:24'),(66,'Jeffry','Treutel','lance30@example.org','743-662-996','8b2c53fd44abe6a92a861a3171f7e36959b16e7c','1977-09-27 23:10:52'),(67,'Bethel','Predovic','reynolds.ed@example.net','539.967.760','5f174c1cac2fb8211f767324106811a661fd5009','1982-04-27 19:51:30'),(68,'Karley','Hagenes','hreichel@example.org','+76(5)07253','99adb3b7a562f92bb88948e0e6295de3d85e32e5','1988-09-04 20:16:18'),(69,'Erna','Balistreri','kuvalis.reece@example.net','(309)656-24','af0e48c96a14d73e0605d7410a86b8648c528949','1991-03-29 01:10:02'),(70,'Flo','Weissnat','dietrich.matteo@example.org','02876887614','f13f3101b45e194fdc2b7346dbbdd42535027528','1991-08-08 17:05:37'),(71,'Sanford','Donnelly','reichel.abbey@example.net','(197)408-35','f6117df8f441f914616db790b24e6f859ddd33b0','2020-04-03 08:04:33'),(72,'Gladys','Reilly','cooper95@example.net','704.174.965','ecb0fa65b11e65bddd3dddd08ee8352797350c1f','1980-04-20 04:08:36'),(73,'Twila','Roberts','melody.hettinger@example.org','+01(6)36678','95a95c47605d1f80ae7f527f91049f68f4355547','2008-01-16 11:22:52'),(74,'Kali','Jacobson','morton.doyle@example.com','033-661-117','75d34e37dc4bda3234f225d4fc7e026fbd8dfd43','1983-07-31 09:17:49'),(75,'Fritz','Considine','lebsack.lizzie@example.org','054-558-356','5c45b735402af9ecaf21cf71fa64c1c94443ce91','2002-10-13 19:55:28'),(76,'Eulah','Kiehn','ali.beier@example.net','295.628.750','df2d0726d5b3e949450f9b6a68105eac00ca063d','1984-12-02 18:44:56'),(77,'Randal','Zulauf','laurence73@example.com','1-823-353-2','5f6b42d1875a5ef0e1b88928e3e6a029b607e0e8','1972-05-27 18:40:13'),(78,'Roman','Hermiston','sheidenreich@example.org','407-805-988','ab7d787f446114a1de28cf8b3b94c65aef53947e','2010-01-03 01:53:50'),(79,'Marlen','Jacobs','eve69@example.org','(497)210-19','3b35e525de45c98641694d235bb11be5ff40eaf7','1990-01-19 16:04:40'),(80,'Sydney','Wisoky','witting.cade@example.com','(292)717-86','1fdc1cf052c1b509121a99721f190c67fd936019','1970-05-31 20:36:15'),(81,'Sophia','Brakus','maeve.emard@example.org','1-670-691-8','55d200d2a1b0a8f44a8321a61db82cef6e799f7a','2006-10-22 10:17:45'),(82,'Freda','Howell','lmclaughlin@example.com','576-767-069','e3f99631d2880e093d6d1619ea5e08c3601ba4f6','2010-01-29 23:56:29'),(83,'Arnaldo','Bogisich','emmitt.upton@example.org','1-565-975-8','d6febabb601b0e28ff07857cdd985111df507b94','2017-09-16 23:37:53'),(84,'Gladyce','Prosacco','ullrich.haskell@example.net','145-078-760','c4dc2fa4b85e85adbec5ce4bf3847399ab9cfa04','1974-07-17 17:20:28'),(85,'Murl','Wisoky','kjaskolski@example.net','1-403-731-4','ee34dcf8b1b706b9d21d80a52f5c87192c901d7f','2009-02-14 02:25:58'),(86,'Carmelo','Lebsack','furman.mante@example.com','876-325-618','2eb0ade3249e7f463161fd7a6bb45c7722dc3c58','1993-03-21 16:59:14'),(87,'Naomi','Medhurst','mona.dicki@example.net','261-605-608','1c1279ea95824b7fb5993fb6e2ee6ef1a2f6fcc7','1971-12-09 16:57:48'),(88,'Hector','Torp','pluettgen@example.net','526-426-194','24ebfc17b3735138ba51037dbcd5ccbcd4d7f6ad','1970-12-23 23:43:27'),(89,'Marco','Emmerich','ikuphal@example.org','696.737.367','ee21102a6d55d35d3a62436805b6cb2b19b73fce','1985-01-18 23:14:23'),(90,'Kenyatta','O\'Keefe','bartoletti.ethan@example.com','+50(2)08522','369877faeb74577fc76aa983db40246686a363a7','1993-01-17 01:39:32'),(91,'Mohammed','Koss','bosco.magali@example.org','(227)416-23','3b5f219f9d257d9f9f5cc9d8995c375e86629010','1971-08-17 23:43:51'),(92,'Angeline','Hegmann','xschuppe@example.com','673-931-045','246d7c7792397c8151c6295444651397e9f50d5e','2001-07-07 03:57:25'),(93,'Michaela','Torphy','huels.ignacio@example.net','856.901.473','9577a07de55113044237dca3da8f43e65836ff97','2014-06-15 05:55:15'),(94,'Jarrell','Effertz','kyler.hoppe@example.net','(378)754-77','9ee83f0877494e67cc38b464f246804c4e351ad4','2017-03-21 20:57:00'),(95,'Anita','Schumm','raegan.carroll@example.com','09635484161','6b050e06dff8b97ad07c54be843d17e22bd70c43','1997-09-17 15:47:08'),(96,'Andreane','Olson','hayes.jameson@example.org','1-193-155-5','1e62e1b5e32e616b677fb7e3972a233151a90359','1997-11-13 02:34:02'),(97,'Henderson','Marquardt','roel.kub@example.net','581.509.763','1fe48fdfe807a8c57d199dfad7ebc7b3bdadb8d4','1997-07-23 16:35:26'),(98,'Tierra','Fahey','howard.jaskolski@example.com','09691272782','9d1164cd89f770ba0f20ab318209b98d6302023a','1991-07-22 06:57:37'),(99,'Winona','Crona','jerel.hoppe@example.com','(811)997-47','06c0fdfa9a5cee4376707a645ea2da83a6aded35','2008-10-27 18:06:14'),(100,'Rosendo','Kovacek','desiree70@example.org','809.852.120','e2ff7327f8e8ccd714166fe82da905d908ff6134','2009-05-31 17:28:37');
/*!40000 ALTER TABLE `users` ENABLE KEYS */;
UNLOCK TABLES;
/*!40103 SET TIME_ZONE=@OLD_TIME_ZONE */;

/*!40101 SET SQL_MODE=@OLD_SQL_MODE */;
/*!40014 SET FOREIGN_KEY_CHECKS=@OLD_FOREIGN_KEY_CHECKS */;
/*!40014 SET UNIQUE_CHECKS=@OLD_UNIQUE_CHECKS */;
/*!40101 SET CHARACTER_SET_CLIENT=@OLD_CHARACTER_SET_CLIENT */;
/*!40101 SET CHARACTER_SET_RESULTS=@OLD_CHARACTER_SET_RESULTS */;
/*!40101 SET COLLATION_CONNECTION=@OLD_COLLATION_CONNECTION */;
/*!40111 SET SQL_NOTES=@OLD_SQL_NOTES */;

-- Dump completed on 2021-06-10 16:21:07
